EVENT_ID,CZ_NAME_STR,BEGIN_LOCATION,BEGIN_DATE,BEGIN_TIME,EVENT_TYPE,MAGNITUDE,TOR_F_SCALE,DEATHS_DIRECT,INJURIES_DIRECT,DAMAGE_PROPERTY_NUM,DAMAGE_CROPS_NUM,STATE_ABBR,CZ_TIMEZONE,MAGNITUDE_TYPE,EPISODE_ID,CZ_TYPE,CZ_FIPS,WFO,INJURIES_INDIRECT,DEATHS_INDIRECT,SOURCE,FLOOD_CAUSE,TOR_LENGTH,TOR_WIDTH,BEGIN_RANGE,BEGIN_AZIMUTH,END_RANGE,END_AZIMUTH,END_LOCATION,END_DATE,END_TIME,BEGIN_LAT,BEGIN_LON,END_LAT,END_LON,EVENT_NARRATIVE,EPISODE_NARRATIVE,ABSOLUTE_ROWNUMBER
1147140,NORTHWEST SUFFOLK (ZONE), ,12/18/2023,400,High Wind,50.00, ,0,0,0,0,NY,EST-5,EG,186886,Z,78,OKX,0,0,NWS Employee, , , , , , , , ,12/18/2023,1100, , , , ,"Multiple instances of trees and limbs were reported down by the department of transportation, NWS Employees, and the public. This included, in Local Standard Time,  St. James, NY at 428 AM and 630 AM, Yaphank, NY at 800 AM, Ridge, NY at 907 AM, Stony Brook, NY at 932 AM, and Dix Hills, NY at 1015 AM.","A strong area of low pressure moved north along the U.S. east coast and passed through the region during the morning of December 18, 2023. The pressure gradient tightened as the center of the storm approached, producing high winds over Southeastern New York during the morning hours.",1
1147139,NORTHWEST SUFFOLK (ZONE), ,12/18/2023,430,High Wind,52.00, ,0,0,0,0,NY,EST-5,MG,186886,Z,78,OKX,0,0,Mesonet, , , , , , , , ,12/18/2023,530, , , , ,"A measured wind gust of 60 mph was recorded at a mesonet station located in Northport, NY at 455 AM Local Standard Time.","A strong area of low pressure moved north along the U.S. east coast and passed through the region during the morning of December 18, 2023. The pressure gradient tightened as the center of the storm approached, producing high winds over Southeastern New York during the morning hours.",2
1147142,NORTHEAST SUFFOLK (ZONE), ,12/18/2023,630,High Wind,55.00, ,0,0,0,0,NY,EST-5,MG,186886,Z,79,OKX,0,0,Mesonet, , , , , , , , ,12/18/2023,1030, , , , ,"Multiple high wind gusts were recorded at mesonet sites, including 63 mph at 730 AM Local Standard Time at Orient, NY, 61 mph at 1001 AM Local Standard Time at Great Gull Island, NY and 59 mph at 641 AM Local Standard Time at Fishers Island Airport.","A strong area of low pressure moved north along the U.S. east coast and passed through the region during the morning of December 18, 2023. The pressure gradient tightened as the center of the storm approached, producing high winds over Southeastern New York during the morning hours.",3
1147143,SOUTHEAST SUFFOLK (ZONE), ,12/18/2023,700,High Wind,50.00, ,0,0,0,0,NY,EST-5,MG,186886,Z,81,OKX,0,0,Mesonet, , , , , , , , ,12/18/2023,800, , , , ,"A measured wind gust of 58 mph was recorded at a mesonet station located in Shinnecock, NY at 726 AM Local Standard Time.","A strong area of low pressure moved north along the U.S. east coast and passed through the region during the morning of December 18, 2023. The pressure gradient tightened as the center of the storm approached, producing high winds over Southeastern New York during the morning hours.",4
1147141,SOUTHWEST SUFFOLK (ZONE), ,12/18/2023,730,High Wind,56.00, ,0,0,0,0,NY,EST-5,MG,186886,Z,80,OKX,0,0,ASOS, , , , , , , , ,12/18/2023,830, , , , ,"A measured wind gust of 65 mph was recorded at Shirley Airport at 0758 AM Local Standard Time.","A strong area of low pressure moved north along the U.S. east coast and passed through the region during the morning of December 18, 2023. The pressure gradient tightened as the center of the storm approached, producing high winds over Southeastern New York during the morning hours.",5
1154209,SOUTHEAST SUFFOLK (ZONE), ,12/18/2023,900,Coastal Flood, , ,0,0,0,0,NY,EST-5, ,187926,Z,81,OKX,0,0,River/Stream Gage, , , , , , , , ,12/18/2023,1500, , , , ,"Moderate coastal flooding and major beach erosion occurred along the south shore of SE Suffolk:||At the East Moriches USGS tidal gauge, moderate coastal flooding of 5.3 ft MLLW or more occurred from 1130 AM EST to 230 PM EST, with a peak water level of 5.7 ft MLLW from 142 PM EST to 148 PM EST.||At the Montauk NOS tidal gauge, moderate coastal flooding of 4.9 ft MLLW or more occurred from 1100 AM EST to 200 PM EST, with a peak water level of 5.0 ft MLLW 1106 AM EST. |	|At the Ponquoque USGS tidal gauge, moderate coastal flooding of 5.9 ft MLLW or more occurred from 954 AM EST to 212 PM EST, with a peak water level of 6.5 ft MLLW 1254 PM EST to 100 PM EST.","An intensifying storm moved up the Eastern Seaboard from northern Florida on December 17th, to the coastal Mid Atlantic region on the 18th. This storm produced a strong onshore flow on the 18th that combined with high astronomical tides to cause widespread moderate to locally major coastal flooding and beach erosion along the south shore of Long Island during the late morning and afternoon.",6
1154208,SOUTHWEST SUFFOLK (ZONE), ,12/18/2023,1100,Coastal Flood, , ,0,0,0,0,NY,EST-5, ,187926,Z,80,OKX,0,0,River/Stream Gage, , , , , , , , ,12/18/2023,1900, , , , ,"Major coastal flooding occurred along the south shore of SW Suffolk, and major beach erosion also occurred along the south shore of Fire Island:||At the Watch Hill/Fire Island USGS tidal gauge, major flooding above the threshold of 4.2 ft MLLW occurred from 142 PM EST to 506 PM EST, with a peak water level of 4.7 ft MLLW from 248 PM EST to 342 PM EST. Moderate flooding of 3.7 ft MLLW or more occurred from 1242 PM EST to 612 PM EST.||At the Lindenhurst USGS tidal gauge, major coastal flooding at the threshold of 4.1 ft MLLW occurred from 124 PM EST to 212 PM EST. Moderate flooding of 3.6 ft MLLW or more occurred from 1148 AM EST to 324 PM EST. ||At the West Sayville USGS tidal gauge, major coastal flooding of 4.1 ft MLLW or more occurred from 118 PM EST to 518 PM EST, with a peak a peak water level of 4.5 ft MLLW from 300 PM EST to 318 PM EST. Moderate flooding of 3.6 ft MLLW or more occurred from 1148 AM EST to 636 PM EST.","An intensifying storm moved up the Eastern Seaboard from northern Florida on December 17th, to the coastal Mid Atlantic region on the 18th. This storm produced a strong onshore flow on the 18th that combined with high astronomical tides to cause widespread moderate to locally major coastal flooding and beach erosion along the south shore of Long Island during the late morning and afternoon.",7
1154225,NORTHEAST SUFFOLK (ZONE), ,12/18/2023,1400,Coastal Flood, , ,0,0,0,0,NY,EST-5, ,187926,Z,79,OKX,0,0,River/Stream Gage, , , , , , , , ,12/18/2023,1600, , , , ,"Moderate coastal flooding occurred along the shores of NE Suffolk:||At the Orient Harbor USGS tidal gauge, moderate coastal flooding of 5.8 ft MLLW occurred from 236 PM EST to 321 PM EST.","An intensifying storm moved up the Eastern Seaboard from northern Florida on December 17th, to the coastal Mid Atlantic region on the 18th. This storm produced a strong onshore flow on the 18th that combined with high astronomical tides to cause widespread moderate to locally major coastal flooding and beach erosion along the south shore of Long Island during the late morning and afternoon.",8
1154355,NORTHWEST SUFFOLK (ZONE), ,01/09/2024,2100,High Wind,50.00, ,0,0,0,0,NY,EST-5,EG,187949,Z,78,OKX,0,0,Department of Highways, , , , , , , , ,01/10/2024,100, , , , ,"Multiple occurrences of downed trees or downed large limbs were reported. The Department of Highways reported a downed tree on the Northern State Parkway eastbound, west of exit 58 in Melville, NY at 956 PM Local Standard Time on January 9, 2024. The public reported a very large limb landing on cars in Centerport, NY at 1155 PM Local Standard Time on January 9, 2024. A trained spotter reported a large tree limb down at Old Field Road and Brambletye Lane in Old Field, NY at 1225 AM Local Standard Time on January 10, 2024.","A strong area of low pressure moved northeast from the Mid-Atlantic Region to southern New England during the night of January 9, 2024 into the early morning hours of January 10, 2024. Its center passed just north of the region during this period. The pressure gradient tightened as the center of the storm approached, producing high winds over Southeastern New York during this period.",9
1154363,SOUTHEAST SUFFOLK (ZONE), ,01/09/2024,2100,High Wind,55.00, ,0,0,0,0,NY,EST-5,MG,187949,Z,81,OKX,0,0,ASOS, , , , , , , , ,01/10/2024,300, , , , ,"A measured high wind gust of 63 mph was recorded at ASOS reporting station KHWV, Shirley Airport in Shirley, NY at 1238 AM Local Standard Time on January 10, 2024. A measured high wind gust of 59 mph was recorded at a mesonet station in Shinnecock, NY at 136 AM Local Standard Time on January 10, 2024. A measured high wind gust of 59 mph was recorded at a mesonet station in Napeague, NY at 138 AM Local Standard Time on January 10, 2024. ||In addition, the Department of Highways reported a tree blocking all lanes of NY Route 27 at Davids Lane in East Hampton, NY at 253 AM Local Standard Time on January 10, 2024, as well as a downed tree on NY Route 114 northbound, north of Swamp Road in East Hampton at 940 PM Local Standard Time on January 9, 2024.","A strong area of low pressure moved northeast from the Mid-Atlantic Region to southern New England during the night of January 9, 2024 into the early morning hours of January 10, 2024. Its center passed just north of the region during this period. The pressure gradient tightened as the center of the storm approached, producing high winds over Southeastern New York during this period.",10
1154358,SOUTHWEST SUFFOLK (ZONE), ,01/09/2024,2330,High Wind,59.00, ,0,0,0,0,NY,EST-5,MG,187949,Z,80,OKX,0,0,ASOS, , , , , , , , ,01/10/2024,30, , , , ,"Multiple high wind gusts were measured, including a sustained wind of 40 mph along with a gust of 59 mph at 1140 PM Local Standard Time on January 9, 2024 at ASOS reporting station KFRG, Farmingdale Airport in Farmingdale, NY. A measured wind gust of 60 mph was recorded at 1149 PM Local Standard Time on January 9, 2024 at a mesonet site located at the Fire Island Campgrounds near Captree State Park, NYC. Additionally, a wind gust of 58 mph was recorded at 1201 AM Local Standard Time at ASOS reporting station KISP, Islip Airport in Ronkonkoma, NY.","A strong area of low pressure moved northeast from the Mid-Atlantic Region to southern New England during the night of January 9, 2024 into the early morning hours of January 10, 2024. Its center passed just north of the region during this period. The pressure gradient tightened as the center of the storm approached, producing high winds over Southeastern New York during this period.",11
1154360,NORTHEAST SUFFOLK (ZONE), ,01/10/2024,0,High Wind,56.00, ,0,0,0,0,NY,EST-5,MG,187949,Z,79,OKX,0,0,Mesonet, , , , , , , , ,01/10/2024,200, , , , ,"A couple of measured high wind gusts were recorded by mesonet stations, including 64 mph at Great Gull Island, NY at 131 AM Local Standard Time and 63 mph at Orient, NY at 1255 AM Local Standard Time. Additionally, the public reported a downed power pole on Captain Daniel Rowe Highway in Manorville, NY at 1250 AM Local Standard Time.","A strong area of low pressure moved northeast from the Mid-Atlantic Region to southern New England during the night of January 9, 2024 into the early morning hours of January 10, 2024. Its center passed just north of the region during this period. The pressure gradient tightened as the center of the storm approached, producing high winds over Southeastern New York during this period.",12
1160577,SOUTHEAST SUFFOLK (ZONE), ,01/10/2024,400,Coastal Flood, , ,0,0,0,0,NY,EST-5, ,188720,Z,81,OKX,0,0,River/Stream Gage, , , , , , , , ,01/10/2024,1000, , , , ,"Widespread moderate to major coastal flooding occurred for several hours:||Major coastal flooding occurred at the East Moriches USGS tidal gauge, with water levels above the major threshold of 6.3 ft MLLW from 636 AM EST to 754 AM EST, and a peak water level of 6.4 ft MLLW at 700 AM EST. Moderate coastal flooding above the threshold of 5.3 ft MLLW occurred from 448 AM EST to 924 AM EST. ||Major coastal flooding occurred at the Ponquoque USGS tidal gauge, with water levels above the major threshold of 6.9 ft MLLW from 518 AM EST to 724 AM EST, and a peak water level of 7.1 ft MLLW at 712 AM EST. Moderate coastal flooding above the threshold of 5.9 ft MLLW occurred from 406 AM EST to 842 AM EST.||Moderate coastal flooding occurred at the Montauk NOS tidal gauge, with water levels above the moderate threshold of 4.9 ft MLLW from 530 AM EST to 836 AM EST, |and a peak water level of 5.2 ft MLLW at 824 AM EST.","Strong low pressure moving northeast from the Mid Atlantic region to southern New England during the night of January 9, 2024 into the early morning hours of January 10, 2024 produced high winds, which combined with high astronomical tides associated with an upcoming new moon to produce widespread moderate to major coastal flooding along the south shore of Long Island and along the Hudson River in Southeast New York.",13
1160576,SOUTHWEST SUFFOLK (ZONE), ,01/10/2024,500,Coastal Flood, , ,0,0,0,0,NY,EST-5, ,188720,Z,80,OKX,0,0,River/Stream Gage, , , , , , , , ,01/10/2024,1500, , , , ,"Widespread major coastal flooding occurred for several hours along the Great South Bay:||Major coastal flooding occurred at at the Lindenhurst USGS tidal gauge, with water levels above the major threshold of 4.1 ft MLLW from 712 AM EST to 1018 AM EST, and a peak water level of 4.5 ft MLLW at 900 AM EST. Moderate coastal flooding above the threshold of 3.6 ft MLLW occurred from 554 AM EST to 1148 AM EST. ||Major coastal flooding occurred at the West Sayville USGS tidal gauge, with water levels above the major threshold of 4.1 ft MLLW from 648 AM EST to 1254 PM EST, and a peak water level of 4.9 ft MLLW at 954 AM EST.  Moderate coastal flooding above the threshold of 3.6 ft MLLW occurred from 524 AM EST to 236 PM EST. ||Major coastal flooding occurred at the Watch Hill USGS tidal gauge on Fire Island, with water levels above the major threshold of 4.2 ft MLLW from 706 AM EST to 1236 AM EST, |and a peak water level of 4.9 ft MLLW from 1012 AM EST to 1018 AM EST. Moderate coastal flooding above the threshold of 3.7 ft MLLW occurred from 606 AM EST to 206 PM EST.","Strong low pressure moving northeast from the Mid Atlantic region to southern New England during the night of January 9, 2024 into the early morning hours of January 10, 2024 produced high winds, which combined with high astronomical tides associated with an upcoming new moon to produce widespread moderate to major coastal flooding along the south shore of Long Island and along the Hudson River in Southeast New York.",14
1160573,NORTHEAST SUFFOLK (ZONE), ,01/10/2024,700,Coastal Flood, , ,0,0,0,0,NY,EST-5, ,188720,Z,79,OKX,0,0,River/Stream Gage, , , , , , , , ,01/10/2024,900, , , , ,"Moderate coastal flooding occurred at the Orient Harbor USGS tidal gauge, with water levels at the moderate threshold of 5.8 ft MLLW from 754 AM to 830 AM EST.","Strong low pressure moving northeast from the Mid Atlantic region to southern New England during the night of January 9, 2024 into the early morning hours of January 10, 2024 produced high winds, which combined with high astronomical tides associated with an upcoming new moon to produce widespread moderate to major coastal flooding along the south shore of Long Island and along the Hudson River in Southeast New York.",15
1154650,NORTHEAST SUFFOLK (ZONE), ,01/13/2024,500,High Wind,52.00, ,0,0,0,0,NY,EST-5,MG,187986,Z,79,OKX,0,0,Mesonet, , , , , , , , ,01/13/2024,600, , , , ,"A measured high wind gust of 60 mph occurred at a mesonet station located at Great Gull Island, NY at 636 AM Local Standard Time.","A strong area of low pressure shifted northeast through the eastern Great Lakes Region on January 13, 2024. This sent a warm front, quickly followed by a cold front, across Southeastern New York during the morning hours. The resulting strong pressure gradient helped produce high winds across the area during this period.",16
1160609,SOUTHEAST SUFFOLK (ZONE), ,01/13/2024,700,Coastal Flood, , ,0,0,0,0,NY,EST-5, ,188725,Z,81,OKX,0,0,River/Stream Gage, , , , , , , , ,01/13/2024,1200, , , , ,"Moderate coastal flooding occurred at at the East Moriches USGS tidal gauge, with water levels above the moderate threshold of 5.3 ft MLLW from 954 AM EST to 1106 AM EST, and a peak water level of 5.4 ft MLLW at 1100 AM EST. ||Moderate coastal flooding occurred at the Ponquoque Inlet USGS tidal gauge, with water levels above the moderate threshold of 5.9 ft MLLW from 748 AM EST to 1054 AM EST, and a peak water level of 6.6 ft MLLW from 948 AM EST to 954 AM EST. ||Moderate coastal flooding occurred at the Montauk NOS tidal gauge, with water levels above the moderate threshold of 4.9 ft MLLW from 754 AM EST to 1148 AM EST, and a peak water level of 5.8 ft MLLW at 1048 AM EST.","Strong low pressure shifted northeast through the eastern Great Lakes on January 13, 2024, sending a warm front through during the morning hours, followed quickly by a cold front. Strong winds produced by this system, combined with peaking high astronomical tides associated with a recent new moon, produced widespread moderate to major coastal flooding along the entire southeast New York coastline and along the Lower Hudson River.",17
1160607,NORTHEAST SUFFOLK (ZONE), ,01/13/2024,900,Coastal Flood, , ,0,0,0,0,NY,EST-5, ,188725,Z,79,OKX,0,0,River/Stream Gage, , , , , , , , ,01/13/2024,1400, , , , ,"Moderate coastal flooding occurred at the Orient Harbor USGS tidal gauge, with water levels at the moderate threshold of 5.8 ft MLLW from 0924 AM EST to 1218 PM EST, and a peak water level of 6.2 ft MLLW at 1136 AM EST.||Moderate coastal flooding occurred at the Riverhead USGS tidal gauge, with water levels at or just above the moderate threshold of 6.4 ft MLLW from 1206 PM EST to 118 PM EST.||Moderate coastal flooding occurred at the nearby Old Field NY USGS tidal gauge, with water levels above the moderate threshold of 10.2 ft MLLW from 1130 AM EST to 118 PM EST, and a peak water level of 10.8 ft MLLW from 1212 PM EST to 1224 PM EST.","Strong low pressure shifted northeast through the eastern Great Lakes on January 13, 2024, sending a warm front through during the morning hours, followed quickly by a cold front. Strong winds produced by this system, combined with peaking high astronomical tides associated with a recent new moon, produced widespread moderate to major coastal flooding along the entire southeast New York coastline and along the Lower Hudson River.",18
1160608,SOUTHWEST SUFFOLK (ZONE), ,01/13/2024,1000,Coastal Flood, , ,0,0,0,0,NY,EST-5, ,188725,Z,80,OKX,0,0,River/Stream Gage, , , , , , , , ,01/13/2024,1600, , , , ,"Moderate coastal flooding occurred at at the Lindenhurst USGS tidal gauge, with water levels above the moderate threshold of 3.6 ft MLLW from 1030 AM EST to 106 PM EST, and a peak water level of 3.8 ft MLLW from 1118 AM EST to 1230 PM EST. ||Major coastal flooding occurred at the West Sayville USGS tidal gauge, with water levels at the major threshold of 4.1 ft MLLW from 1218 PM EST to 1254 PM EST. Moderate coastal flooding above the threshold of 3.6 ft MLLW occurred from 1036 AM EST to 312 PM EST.||Moderate coastal flooding occurred at the Watch Hill USGS tidal gauge on Fire Island, with water levels above the moderate threshold of 3.7 ft MLLW from 1112 AM EST to 306 PM EST, and a peak water level of 3.9 ft MLLW from 154 PM EST to 212 PM EST. ||Moderate coastal flooding occurred at at the nearby East Moriches USGS tidal gauge, with water levels above the moderate threshold of 5.3 ft MLLW from 954 AM EST to 1106 AM EST, and a peak water level of 5.4 ft MLLW at 1100 AM EST.","Strong low pressure shifted northeast through the eastern Great Lakes on January 13, 2024, sending a warm front through during the morning hours, followed quickly by a cold front. Strong winds produced by this system, combined with peaking high astronomical tides associated with a recent new moon, produced widespread moderate to major coastal flooding along the entire southeast New York coastline and along the Lower Hudson River.",19
1160604,NORTHWEST SUFFOLK (ZONE), ,01/13/2024,1100,Coastal Flood, , ,0,0,0,0,NY,EST-5, ,188725,Z,78,OKX,0,0,River/Stream Gage, , , , , , , , ,01/13/2024,1400, , , , ,"Moderate coastal flooding occurred at the Old Field NY USGS tidal gauge, with water levels above the moderate threshold of 10.2 ft MLLW from 1130 AM EST to 118 PM EST, and a peak water level of 10.8 ft MLLW from 1212 PM EST to 1224 PM EST.","Strong low pressure shifted northeast through the eastern Great Lakes on January 13, 2024, sending a warm front through during the morning hours, followed quickly by a cold front. Strong winds produced by this system, combined with peaking high astronomical tides associated with a recent new moon, produced widespread moderate to major coastal flooding along the entire southeast New York coastline and along the Lower Hudson River.",20
1155609,NORTHEAST SUFFOLK (ZONE), ,01/14/2024,1600,High Wind,50.00, ,0,0,0,0,NY,EST-5,MG,188155,Z,79,OKX,0,0,Mesonet, , , , , , , , ,01/14/2024,1700, , , , ,"A measured high wind gust of 58 mph occurred at 421 PM Local Standard Time at a mesonet site located at Fishers Island Airport, NY.","On January 14, 2024, a strong pressure gradient resulted over Southeastern New York in part from a strong low pressure system slowly moving across Southeastern Canada. An associated cold front passed through during the afternoon. The combination of the cold front and strong pressure gradient helped produce high wind gusts across the area during the afternoon hours.",21
1152250,NORTHWEST SUFFOLK (ZONE), ,02/13/2024,400,Heavy Snow, , ,0,0,0,0,NY,EST-5, ,187612,Z,78,OKX,0,0,NWS Employee, , , , , , , , ,02/13/2024,1400, , , , ,"A heavy wet snow, which initially began as a wintry mix fell across Northwestern Suffolk County. Snowfall totals included; 7.0 inches at 1 E Commack via broadcast media, 7.0 inches at 1 WSW Smithtown via the public, 7.0 inches in Stony Brook via an NWS employee, and 6.6 inches in Huntington via the public.","Low pressure across the Tennessee Valley and the Gulf states tracked tracked north, and redeveloped and intensified rapidly off the Mid Atlantic coast. A heavy wet snowfall occurred across much of Southeastern New York, with lesser amounts across portions of the coast, especially along and closer to the south shore and eastern third of Long Island. Marginal surface temperatures precluded higher snow amounts in urban locations and further south and east.  A combination of over 250 crashes and accidents were reported across Long Island during the storm from state and county law enforcement officials.",22
1152286,NORTHEAST SUFFOLK (ZONE), ,02/13/2024,500,Winter Weather, , ,0,0,0,0,NY,EST-5, ,187612,Z,79,OKX,0,0,Trained Spotter, , , , , , , , ,02/13/2024,1430, , , , ,"A wet snow accumulated across Northeastern Suffolk County which initially began as a wintry mix.  Snow amounts averaged below warning criteria across the zone with a few reports right along the north shore at warning criteria. Some snowfall reports were as follows; 4.0 inches in Calverton and Riverhead, 3.6 inches at 1 W Jamesport via the public, 3.7 inches at 3 WNW Aquebogue, 5.5 inches in Upton via the NWS, and 6.5 inches at 2 NNW Ridge via a trained spotter.","Low pressure across the Tennessee Valley and the Gulf states tracked tracked north, and redeveloped and intensified rapidly off the Mid Atlantic coast. A heavy wet snowfall occurred across much of Southeastern New York, with lesser amounts across portions of the coast, especially along and closer to the south shore and eastern third of Long Island. Marginal surface temperatures precluded higher snow amounts in urban locations and further south and east.  A combination of over 250 crashes and accidents were reported across Long Island during the storm from state and county law enforcement officials.",23
1152284,SOUTHWEST SUFFOLK (ZONE), ,02/13/2024,600,Winter Weather, , ,0,0,0,0,NY,EST-5, ,187612,Z,80,OKX,0,0,NWS Employee, , , , , , , , ,02/13/2024,1400, , , , ,"A wet snow fell across Southwestern Suffolk County, with the snow initially in the form of a wintry mix. Amounts were higher across the northern portion of the zone, and lower closer to the shore. Amounts on average ranged from 2 to 4 inches, with some places closer to 4 to 5 inches across northern portions of the zone. Snow amounts ranged from 3.3 inches in Bay Shore via an NWS Employee, to 2.8 inches in Sayville via Cocorahs, and 4.3 inches at MacArthur Airport (Islip).","Low pressure across the Tennessee Valley and the Gulf states tracked tracked north, and redeveloped and intensified rapidly off the Mid Atlantic coast. A heavy wet snowfall occurred across much of Southeastern New York, with lesser amounts across portions of the coast, especially along and closer to the south shore and eastern third of Long Island. Marginal surface temperatures precluded higher snow amounts in urban locations and further south and east.  A combination of over 250 crashes and accidents were reported across Long Island during the storm from state and county law enforcement officials.",24
1152285,SOUTHEAST SUFFOLK (ZONE), ,02/13/2024,700,Winter Weather, , ,0,0,0,0,NY,EST-5, ,187612,Z,81,OKX,0,0,Emergency Manager, , , , , , , , ,02/13/2024,1500, , , , ,"A wet snowfall accumulated across Southeastern Suffolk County. The snow initially began as rain and a wintry mix. Snow accumulated mainly between 2 and 5 inches, with average snow amounts falling below warning criteria. Some snow amounts were as follows; 3.5 inches in Mastic and 5.0 inches in Hampton Bays via Emergency Management.","Low pressure across the Tennessee Valley and the Gulf states tracked tracked north, and redeveloped and intensified rapidly off the Mid Atlantic coast. A heavy wet snowfall occurred across much of Southeastern New York, with lesser amounts across portions of the coast, especially along and closer to the south shore and eastern third of Long Island. Marginal surface temperatures precluded higher snow amounts in urban locations and further south and east.  A combination of over 250 crashes and accidents were reported across Long Island during the storm from state and county law enforcement officials.",25
1152737,SOUTHWEST SUFFOLK (ZONE), ,02/17/2024,100,Winter Weather, , ,0,0,0,0,NY,EST-5, ,187707,Z,80,OKX,0,0,Trained Spotter, , , , , , , , ,02/17/2024,1300, , , , ,"A heavy to moderate band of snow scraped southern portion of Southwest Suffolk. In general 3 to 5 inches fell across the zone. Trained spotters reported 4.0 inches in Copiague, 4.5 inches in West Islip, and 3.6 inches at 1 WNW Babylon. Broadcast media reported 4.9 inches in Babylon.  The airport at Islip reported 3.4 inches.","A mid level disturbance associated with a confluent upper level trough lead to strong mid level frontogenesis that developed a band of snow to the north of developing low pressure moving offshore. Southwestern portions of the area were on the northern edge of a narrow band of heavy snow that resulted in some southwestern zones reaching warning criteria.  Amounts were considerably less to the north.",26
1152738,NORTHWEST SUFFOLK (ZONE), ,02/17/2024,100,Winter Weather, , ,0,0,0,0,NY,EST-5, ,187707,Z,78,OKX,0,0,NWS Employee, , , , , , , , ,02/17/2024,1230, , , , ,"A band of heavy snow just missed Northwest Suffolk to the southwest. An accumulating snowfall occurred with mainly 3 to 4 inch snow amounts. NWS Employees reported 3.0 inches in Centereach and 2.0 inches at 1 NE South Huntington. The public reported 3.1 inches in Commack, 3.0 inches at 1 WSW Smithtown, 1 SSW Nesconsett, and 3.0 inches in Setauket.","A mid level disturbance associated with a confluent upper level trough lead to strong mid level frontogenesis that developed a band of snow to the north of developing low pressure moving offshore. Southwestern portions of the area were on the northern edge of a narrow band of heavy snow that resulted in some southwestern zones reaching warning criteria.  Amounts were considerably less to the north.",27
1152742,SOUTHEAST SUFFOLK (ZONE), ,02/17/2024,130,Winter Weather, , ,0,0,0,0,NY,EST-5, ,187707,Z,81,OKX,0,0,Public, , , , , , , , ,02/17/2024,1430, , , , ,"A general 2 to 5 inches of snow fell across Southeastern Suffolk County. A band of heavy snow just missed Southeastern Suffolk to the south and west. A portion of the band barely scraped far southwestern parts of the zone. The public reported 5.3 inches in Shirley, 4.5 inches in Mastic Beach, 3.1 inches in East Hampton, and 3.8 inches in Blue Point.","A mid level disturbance associated with a confluent upper level trough lead to strong mid level frontogenesis that developed a band of snow to the north of developing low pressure moving offshore. Southwestern portions of the area were on the northern edge of a narrow band of heavy snow that resulted in some southwestern zones reaching warning criteria.  Amounts were considerably less to the north.",28
1152740,NORTHEAST SUFFOLK (ZONE), ,02/17/2024,200,Winter Weather, , ,0,0,0,0,NY,EST-5, ,187707,Z,79,OKX,0,0,CoCoRaHS, , , , , , , , ,02/17/2024,1400, , , , ,"A general 2 to 4 inches fell across Northeastern Suffolk County as the moderate to heavy band of snow missed just to the southwest.  A Cocorahs observer reported 2.8 inches in Riverhead, and the public reported 3.4 inches in Mount Sinai.  In Upton the Official NWS Observation came in at 3.0 inches.","A mid level disturbance associated with a confluent upper level trough lead to strong mid level frontogenesis that developed a band of snow to the north of developing low pressure moving offshore. Southwestern portions of the area were on the northern edge of a narrow band of heavy snow that resulted in some southwestern zones reaching warning criteria.  Amounts were considerably less to the north.",29
1156245,NORTHWEST SUFFOLK (ZONE), ,02/29/2024,0,High Wind,63.00, ,0,0,0,0,NY,EST-5,MG,188222,Z,78,OKX,0,0,Mesonet, , , , , , , , ,02/29/2024,130, , , , ,"On February 29, 2024, multiple high wind gusts were recorded at mesonet sites, including 72 mph at 1225 AM Local Standard Time in Stony Brook, NY (measurement taken at 159 feet above ground), and 63 mph at 1259 AM Local Standard Time at Eaton's Neck Lighthouse at an elevation of 71 feet above ground.","A strong cold front passed through the area during the evening of February 28th, 2024. This brought high winds behind its passage to Southeastern New York during during the evening hours February 28th into the early morning hours of  February 29th, 2024.",30
1156247,NORTHEAST SUFFOLK (ZONE), ,02/29/2024,30,High Wind,51.00, ,0,0,0,0,NY,EST-5,MG,188222,Z,79,OKX,0,0,Mesonet, , , , , , , , ,02/29/2024,130, , , , ,"A measured high wind gust of 59 mph was recorded at a mesonet site in Baiting Hollow, NY at an elevation of 78 feet on February 29, 2024 at 1244 AM Local Standard Time.","A strong cold front passed through the area during the evening of February 28th, 2024. This brought high winds behind its passage to Southeastern New York during during the evening hours February 28th into the early morning hours of  February 29th, 2024.",31
1161206,NORTHWEST SUFFOLK (ZONE), ,03/11/2024,730,High Wind,57.00, ,0,0,0,0,NY,EST-5,MG,188808,Z,78,OKX,0,0,Mesonet, , , , , , , , ,03/11/2024,830, , , , ,"At 746 AM Local Standard Time, a measured high wind gust of 66 mph occurred at a mesonet station located in Stony Brook, NY at an elevation of 159 feet.","High winds occurred across the area during primarily the daytime hours of March 11, 2024 with a tight pressure gradient in place as strong low pressure near the coast of northern New England slowly shifted northeast.",32
1161210,SOUTHEAST SUFFOLK (ZONE), ,03/11/2024,1130,High Wind,50.00, ,0,0,0,0,NY,EST-5,MG,188808,Z,81,OKX,0,0,ASOS, , , , , , , , ,03/11/2024,1230, , , , ,"At 1212 PM Local Standard Time, a measured high wind gust of 58 mph occurred at ASOS station KHWV, Brookhaven Calabro Airport, in Shirley, NY.","High winds occurred across the area during primarily the daytime hours of March 11, 2024 with a tight pressure gradient in place as strong low pressure near the coast of northern New England slowly shifted northeast.",33
1161549,NORTHEAST SUFFOLK (ZONE), ,03/23/2024,1630,High Wind,51.00, ,0,0,0,0,NY,EST-5,MG,188866,Z,79,OKX,0,0,Mesonet, , , , , , , , ,03/23/2024,1730, , , , ,"A measured high wind gust of 59 mph was recorded at 450 PM Local Standard Time on March 23, 2024 at a mesonet station in Orient, New York.","An area of low pressure passed through eastern Long Island, NY during the late afternoon to early evening of  March 23, 2024.  A tight pressure gradient around the low pressure center helped produce high wind gusts over the area late that afternoon through the early morning hours of  March 24, 2024.",34
1161548,NORTHEAST SUFFOLK (ZONE), ,03/23/2024,2230,High Wind,54.00, ,0,0,0,0,NY,EST-5,MG,188866,Z,79,OKX,0,0,Mesonet, , , , , , , , ,03/23/2024,2330, , , , ,"A measured high wind gust of 62 mph was recorded at 1050 PM Local Standard Time on March 23, 2024 at a mesonet station in Baiting Hollow, NY (measurement taken at 78 feet above ground).","An area of low pressure passed through eastern Long Island, NY during the late afternoon to early evening of  March 23, 2024.  A tight pressure gradient around the low pressure center helped produce high wind gusts over the area late that afternoon through the early morning hours of  March 24, 2024.",35
1161547,NORTHWEST SUFFOLK (ZONE), ,03/24/2024,30,High Wind,54.00, ,0,0,0,0,NY,EST-5,MG,188866,Z,78,OKX,0,0,Mesonet, , , , , , , , ,03/24/2024,130, , , , ,"A measured high wind gust of 62 mph was recorded at 1242 AM Local Standard Time on March 23, 2024 at a mesonet station in Stony Brook, NY (measurement taken at 159 feet above ground).","An area of low pressure passed through eastern Long Island, NY during the late afternoon to early evening of  March 23, 2024.  A tight pressure gradient around the low pressure center helped produce high wind gusts over the area late that afternoon through the early morning hours of  March 24, 2024.",36
1189245,SOUTHWEST SUFFOLK (ZONE), ,04/03/2024,1000,High Wind,56.00, ,0,0,0,0,NY,EST-5,MG,188871,Z,80,OKX,0,0,Mesonet, , , , , , , , ,04/03/2024,2300, , , , ,"Multiple instances of high winds were measured by mesonet stations from late in the morning through the evening. These include a sustained wind of 44 mph at 1034 AM and a wind gust of 65 mph at 1009 PM at Point O' Woods Yacht Club in Bayshore, NY, a sustained wind of 45 mph at 157 PM and a wind gust of 61 mph at 627 PM in Blue Point, NY, a 58 mph wind gust in Great South Bay near Amityville, NY at 318 PM, and a 61 mph wind gust at 259 PM at the Fire Island Campground on Fire Island, NY. All times listed are in Local Standard Time.","An area of low pressure slowly approached from the Mid-Atlantic coast and passed just south and east of Long Island, NY. A tight pressure gradient around the low pressure center helped produce high winds southeastern New York on April 3, 2024 through the early morning hours of April 4, 2024.",37
1199396,NORTHEAST SUFFOLK (ZONE), ,04/03/2024,1130,High Wind,55.00, ,0,0,0,0,NY,EST-5,MG,188871,Z,79,OKX,0,0,Mesonet, , , , , , , , ,04/03/2024,2330, , , , ,"Multiple instances of high winds were measured by mesonet stations from late in the morning through the evening. These include a sustained wind of 44 mph at 156 PM and a wind gust of 62 mph at 1056 PM at Great Gull Island, NY, a wind gust of 63 mph at 1025 PM in Southold, NY, and a 58 mph wind gust at Fishers Island Airport, NY at 829 PM. In addition, broadcast media reported a tree down on a vehicle with an injury on Pulaski Street in Riverhead, NY at 200 PM, and a NWS Employee reported that a large tree snapped about one-third of the way from its base and fell through a fence at 1150 AM in Ridge, NY. All times listed are in Local Standard Time.","An area of low pressure slowly approached from the Mid-Atlantic coast and passed just south and east of Long Island, NY. A tight pressure gradient around the low pressure center helped produce high winds southeastern New York on April 3, 2024 through the early morning hours of April 4, 2024.",38
1199399,SOUTHEAST SUFFOLK (ZONE), ,04/03/2024,1330,High Wind,54.00, ,0,0,0,0,NY,EST-5,MG,188871,Z,81,OKX,0,0,Mesonet, , , , , , , , ,04/04/2024,530, , , , ,"Multiple instances of high winds were measured by mesonet stations from the afternoon of April 3, 2024 through the early morning of April 4, 2024. These include a sustained wind of 43 mph at 141 PM April 3rd and a wind gust of 62 mph at 706 PM April 3rd at Shinnecock, NY, a wind gust of 60 mph at 434 PM April 3rd in Napeague, NY. Additionally, a wind gust of 58 mph was measured at the Westhampton, NY Airport ASOS station KFOK on April 3rd at 700 PM, and broadcast media reported a large tree down on Edgar Avenue in Aquebogue, NY at 500 AM on April 4th. All times listed are in Local Standard Time.","An area of low pressure slowly approached from the Mid-Atlantic coast and passed just south and east of Long Island, NY. A tight pressure gradient around the low pressure center helped produce high winds southeastern New York on April 3, 2024 through the early morning hours of April 4, 2024.",39
1177824,NORTHWEST SUFFOLK (ZONE), ,04/03/2024,1900,High Wind,59.00, ,0,0,0,0,NY,EST-5,MG,188871,Z,78,OKX,0,0,Mesonet, , , , , , , , ,04/03/2024,2330, , , , ,"A measured high wind gust of 68 mph was recorded at Eatons Neck Lighthouse, NY at 1009 PM Local Standard Time at an elevation of 71 feet above ground. Additionally, a trained spotter reported that a 60 foot maple tree snapped in half near its root with multiple limbs down at 725 PM Local Standard Time in Stony Brook, NY.","An area of low pressure slowly approached from the Mid-Atlantic coast and passed just south and east of Long Island, NY. A tight pressure gradient around the low pressure center helped produce high winds southeastern New York on April 3, 2024 through the early morning hours of April 4, 2024.",40
1177615,SUFFOLK CO.,EAST NORTHPORT,06/26/2024,2025,Thunderstorm Wind,50.00, ,0,0,4000,0,NY,EST-5,EG,191259,C,103,OKX,0,0,Fire Department/Rescue, , , ,1,N,1,N,EAST NORTHPORT,06/26/2024,2025,40.88,-73.32,40.88,-73.32,"Multiple trees and wires down across East Northport NY.","Showers and thunderstorms formed west of our area along a cold front and then moved east towards our area. The storms became severe and continued in a warm and moist environment, producing damaging winds across southeast NY.",41
1177616,SUFFOLK CO.,EAST SETAUKET,06/26/2024,2039,Thunderstorm Wind,50.00, ,0,0,2000,0,NY,EST-5,EG,191259,C,103,OKX,0,0,Fire Department/Rescue, , , ,1,N,1,N,EAST SETAUKET,06/26/2024,2039,40.94,-73.1,40.94,-73.1,"Downed wires from thunderstorm gust.","Showers and thunderstorms formed west of our area along a cold front and then moved east towards our area. The storms became severe and continued in a warm and moist environment, producing damaging winds across southeast NY.",42
1213537,SUFFOLK CO.,WEST BABYLON,08/06/2024,1500,Thunderstorm Wind,50.00, ,0,0,2000,0,NY,EST-5,EG,196147,C,103,OKX,0,0,Department of Highways, , , ,1,S,1,S,WEST BABYLON,08/06/2024,1500,40.71,-73.35,40.71,-73.35,"Downed wires on Farmingdale Road in Babylon NY.","A slow moving cold front approached from the north at the surface while a well-defined shortwave trough approached aloft. With a very moist airmass in place ahead of the cold front, some thunderstorms that developed became severe and produced damaging wind gusts.",43
1213538,SUFFOLK CO.,NORTH BABYLON,08/06/2024,1505,Thunderstorm Wind,50.00, ,0,0,2000,0,NY,EST-5,EG,196147,C,103,OKX,0,0,Public, , , ,1,W,1,W,NORTH BABYLON,08/06/2024,1505,40.73,-73.33,40.73,-73.33,"Power lines down on Spangle Drive in North Babylon.","A slow moving cold front approached from the north at the surface while a well-defined shortwave trough approached aloft. With a very moist airmass in place ahead of the cold front, some thunderstorms that developed became severe and produced damaging wind gusts.",44
1213539,SUFFOLK CO.,LINDENHURST,08/06/2024,1507,Thunderstorm Wind,50.00, ,0,0,1000,0,NY,EST-5,EG,196147,C,103,OKX,0,0,Trained Spotter, , , ,1,N,1,N,LINDENHURST,08/06/2024,1507,40.69,-73.38,40.69,-73.38,"Tree limbs down in Lindenhurst.","A slow moving cold front approached from the north at the surface while a well-defined shortwave trough approached aloft. With a very moist airmass in place ahead of the cold front, some thunderstorms that developed became severe and produced damaging wind gusts.",45
1215335,NORTHWEST SUFFOLK (ZONE), ,08/09/2024,1400,High Wind,50.00, ,0,0,0,0,NY,EST-5,EG,196402,Z,78,OKX,0,0,NWS Employee, , , , , , , , ,08/09/2024,1500, , , , ,"A National Weather Service employee reported a large tree limb and branches down on Norwood Street in Northport, NY at 245 PM Local Standard Time.","The pressure gradient tightened over the region as a cold front associated with the remnants of tropical system Debby approached from the west. This produced strong winds over southeastern New York during the afternoon hours of Aug 9, 2024.",46
1205194,SOUTHEAST SUFFOLK (ZONE), ,08/11/2024,1100,Rip Current, , ,1,0,0,0,NY,EST-5, ,194970,Z,81,OKX,0,0,Broadcast Media, , , , , , , , ,08/11/2024,1300, , , , ,"On August 11th at about noon, a Suffolk County Park Ranger who was patrolling Smith Point was on the outer beach between cut 1 and cut 2 was was notified that a person was in distress in the water. Fire Rescue officials were also notified and activated the Mastic Beach FD, along with the local Marine Incident Response Team (MIRT), which in addition to Mastic Beach FD also consists of Mastic Fire Department, Eastport FD, Center Moriches FD, and East Moriches FD. Also activated were the Mastic and Mastic Beach Ambulance Companies. ||The Mastic FD Marine Incident Response Boat 5-12-26 was already out conducting overwatch for the Suffolk County USAR team that was conducting a drill on the Forge river when the call went out. With a full crew and an EMT on board, they broke off from the drill immediately once the call went out for persons in the water on the ocean side at Smith Point.||Mastic Beach FD, under command of Chief Luis Grego and Assistant Chief Jason Sharp, also sent members to the dock to meet the boat. The remaining members of the MIRT team also began to quickly muster crews and resources for response. Suffolk Police Marine Rescue Boat Marine Mike was also dispatched. While units were responding from Police and Fire Departments, the Park Ranger and a good Samaritan had attempted to send out a life ring, but the man was unresponsive. ||Suffolk County Ocean Rescue lifeguards responded to the location, which is outside of the protected zone of jet skis and located the unresponsive 70-year-old male. He was taken to shore where CPR was initiated. Smith Point EMTs were on scene and assisted with care, which was turned over to members of the Mastic Beach Ambulance.||Park Rangers met with Suffolk Police at the outer beach entrance where police requested that the road to the outer beach be closed at the booth. Mastic Beach Ambulance transported the male to Long Island Community Hospital where he was later pronounced dead.","Residual 4 to 5 ft swells from the passage of Tropical Depression Debby well to the north and west of the region on Friday August 9th, resulted in a moderate to high risk for rip current development along eastern Long Island ocean beaches. A likely rip current fatality occurred in these conditions on August 11th along the outer beaches of Smith Point Park.",47
1213909,SUFFOLK CO.,HALESITE,08/18/2024,2120,Flash Flood, , ,0,0,0,0,NY,EST-5, ,196197,C,103,OKX,0,0,Fire Department/Rescue,Heavy Rain, , ,0,N,1,ENE,HALESITE,08/18/2024,2150,40.8844,-73.4205,40.8842,-73.4109,"Water rescue due to stranded motorist in flood waters on New York Ave.","A frontal system over the area on August 18th and into the early morning hours of August 19th allowed for the development of multiple rounds of slow moving heavy thunderstorms which resulted in widespread significant to catastrophic flash flooding for portions of Southeast New York, specifically for the north shore of Long Island. Several rounds of rain moved through during the day on August 18th. By the afternoon, a line of thunderstorms moving in from the west interacted with several mesoscale boundaries and allowed the thunderstorms to intensify and train over Long Island during the overnight hours into early on August 19th. These thunderstorms produced rainfall rates of upwards of 3-5 inches per hour with total rainfall amounts of upwards of 10 inches, much of it falling over a 2-4 hour period. This resulted in numerous water rescues, several dam breaks, several road washouts, and significant damage to numerous buildings across the north shore of Long Island.",48
1213912,SUFFOLK CO.,SMITHTOWN,08/18/2024,2200,Flash Flood, , ,0,0,0,0,NY,EST-5, ,196197,C,103,OKX,0,0,State Official,Heavy Rain, , ,1,N,1,NNE,SMITHTOWN,08/18/2024,2200,40.86,-73.2,40.859,-73.1958,"Route 25A at Brooksite drive closed due to  flooding.","A frontal system over the area on August 18th and into the early morning hours of August 19th allowed for the development of multiple rounds of slow moving heavy thunderstorms which resulted in widespread significant to catastrophic flash flooding for portions of Southeast New York, specifically for the north shore of Long Island. Several rounds of rain moved through during the day on August 18th. By the afternoon, a line of thunderstorms moving in from the west interacted with several mesoscale boundaries and allowed the thunderstorms to intensify and train over Long Island during the overnight hours into early on August 19th. These thunderstorms produced rainfall rates of upwards of 3-5 inches per hour with total rainfall amounts of upwards of 10 inches, much of it falling over a 2-4 hour period. This resulted in numerous water rescues, several dam breaks, several road washouts, and significant damage to numerous buildings across the north shore of Long Island.",49
1213914,SUFFOLK CO.,COMMACK,08/18/2024,2220,Flash Flood, , ,0,0,0,0,NY,EST-5, ,196197,C,103,OKX,0,0,Fire Department/Rescue,Heavy Rain, , ,1,S,1,SE,COMMACK,08/18/2024,2250,40.82,-73.28,40.8164,-73.2641,"Water rescue due to stranded motorist in flood waters on Fisher Road.","A frontal system over the area on August 18th and into the early morning hours of August 19th allowed for the development of multiple rounds of slow moving heavy thunderstorms which resulted in widespread significant to catastrophic flash flooding for portions of Southeast New York, specifically for the north shore of Long Island. Several rounds of rain moved through during the day on August 18th. By the afternoon, a line of thunderstorms moving in from the west interacted with several mesoscale boundaries and allowed the thunderstorms to intensify and train over Long Island during the overnight hours into early on August 19th. These thunderstorms produced rainfall rates of upwards of 3-5 inches per hour with total rainfall amounts of upwards of 10 inches, much of it falling over a 2-4 hour period. This resulted in numerous water rescues, several dam breaks, several road washouts, and significant damage to numerous buildings across the north shore of Long Island.",50
1213915,SUFFOLK CO.,SMITHTOWN,08/18/2024,2230,Flash Flood, , ,0,0,0,0,NY,EST-5, ,196197,C,103,OKX,0,0,Fire Department/Rescue,Heavy Rain, , ,1,N,0,N,SMITHTOWN,08/18/2024,2300,40.86,-73.2,40.8528,-73.1997,"Several vehicles stranded in flood waters on Main Street NY 25A near Elliott Place.","A frontal system over the area on August 18th and into the early morning hours of August 19th allowed for the development of multiple rounds of slow moving heavy thunderstorms which resulted in widespread significant to catastrophic flash flooding for portions of Southeast New York, specifically for the north shore of Long Island. Several rounds of rain moved through during the day on August 18th. By the afternoon, a line of thunderstorms moving in from the west interacted with several mesoscale boundaries and allowed the thunderstorms to intensify and train over Long Island during the overnight hours into early on August 19th. These thunderstorms produced rainfall rates of upwards of 3-5 inches per hour with total rainfall amounts of upwards of 10 inches, much of it falling over a 2-4 hour period. This resulted in numerous water rescues, several dam breaks, several road washouts, and significant damage to numerous buildings across the north shore of Long Island.",51
1213916,SUFFOLK CO.,NESCONSET,08/18/2024,2230,Flash Flood, , ,0,0,0,0,NY,EST-5, ,196197,C,103,OKX,0,0,Public,Heavy Rain, , ,1,W,1,WNW,NESCONSET,08/18/2024,2300,40.83,-73.15,40.8378,-73.1502,"Two cars stranded in flood waters at the intersection of Old Nichols Road and Smithtown Boulevard.","A frontal system over the area on August 18th and into the early morning hours of August 19th allowed for the development of multiple rounds of slow moving heavy thunderstorms which resulted in widespread significant to catastrophic flash flooding for portions of Southeast New York, specifically for the north shore of Long Island. Several rounds of rain moved through during the day on August 18th. By the afternoon, a line of thunderstorms moving in from the west interacted with several mesoscale boundaries and allowed the thunderstorms to intensify and train over Long Island during the overnight hours into early on August 19th. These thunderstorms produced rainfall rates of upwards of 3-5 inches per hour with total rainfall amounts of upwards of 10 inches, much of it falling over a 2-4 hour period. This resulted in numerous water rescues, several dam breaks, several road washouts, and significant damage to numerous buildings across the north shore of Long Island.",52
1213917,SUFFOLK CO.,EAST SETAUKET,08/18/2024,2233,Flash Flood, , ,0,0,0,0,NY,EST-5, ,196197,C,103,OKX,0,0,Fire Department/Rescue,Heavy Rain, , ,1,SE,1,ESE,EAST SETAUKET,08/18/2024,2303,40.92,-73.09,40.9211,-73.0811,"Water rescue on Sheep Pasture Road at Locust Manor Court.","A frontal system over the area on August 18th and into the early morning hours of August 19th allowed for the development of multiple rounds of slow moving heavy thunderstorms which resulted in widespread significant to catastrophic flash flooding for portions of Southeast New York, specifically for the north shore of Long Island. Several rounds of rain moved through during the day on August 18th. By the afternoon, a line of thunderstorms moving in from the west interacted with several mesoscale boundaries and allowed the thunderstorms to intensify and train over Long Island during the overnight hours into early on August 19th. These thunderstorms produced rainfall rates of upwards of 3-5 inches per hour with total rainfall amounts of upwards of 10 inches, much of it falling over a 2-4 hour period. This resulted in numerous water rescues, several dam breaks, several road washouts, and significant damage to numerous buildings across the north shore of Long Island.",53
1213918,SUFFOLK CO.,LAKE GROVE,08/18/2024,2236,Flash Flood, , ,0,0,0,0,NY,EST-5, ,196197,C,103,OKX,0,0,Fire Department/Rescue,Heavy Rain, , ,0,N,1,N,LAKE RONKONKOMA,08/18/2024,2306,40.85,-73.13,40.8397,-73.1182,"Fire department dispatched to a stranded motorist on Browns Road at Monroe Street.","A frontal system over the area on August 18th and into the early morning hours of August 19th allowed for the development of multiple rounds of slow moving heavy thunderstorms which resulted in widespread significant to catastrophic flash flooding for portions of Southeast New York, specifically for the north shore of Long Island. Several rounds of rain moved through during the day on August 18th. By the afternoon, a line of thunderstorms moving in from the west interacted with several mesoscale boundaries and allowed the thunderstorms to intensify and train over Long Island during the overnight hours into early on August 19th. These thunderstorms produced rainfall rates of upwards of 3-5 inches per hour with total rainfall amounts of upwards of 10 inches, much of it falling over a 2-4 hour period. This resulted in numerous water rescues, several dam breaks, several road washouts, and significant damage to numerous buildings across the north shore of Long Island.",54
1213919,SUFFOLK CO.,LAKE GROVE,08/18/2024,2245,Flash Flood, , ,0,0,0,0,NY,EST-5, ,196197,C,103,OKX,0,0,Fire Department/Rescue,Heavy Rain, , ,1,WNW,1,NW,LAKE GROVE,08/18/2024,2315,40.86,-73.15,40.8605,-73.1446,"Water rescue on Hobson Ave due to flooding.","A frontal system over the area on August 18th and into the early morning hours of August 19th allowed for the development of multiple rounds of slow moving heavy thunderstorms which resulted in widespread significant to catastrophic flash flooding for portions of Southeast New York, specifically for the north shore of Long Island. Several rounds of rain moved through during the day on August 18th. By the afternoon, a line of thunderstorms moving in from the west interacted with several mesoscale boundaries and allowed the thunderstorms to intensify and train over Long Island during the overnight hours into early on August 19th. These thunderstorms produced rainfall rates of upwards of 3-5 inches per hour with total rainfall amounts of upwards of 10 inches, much of it falling over a 2-4 hour period. This resulted in numerous water rescues, several dam breaks, several road washouts, and significant damage to numerous buildings across the north shore of Long Island.",55
1213920,SUFFOLK CO.,LAKE RONKONKOMA,08/18/2024,2250,Flash Flood, , ,0,0,0,0,NY,EST-5, ,196197,C,103,OKX,0,0,Fire Department/Rescue,Heavy Rain, , ,1,N,1,NNE,LAKE RONKONKOMA,08/18/2024,2320,40.84,-73.12,40.8374,-73.115,"Water rescue on Frederick Avenue due to flooding.","A frontal system over the area on August 18th and into the early morning hours of August 19th allowed for the development of multiple rounds of slow moving heavy thunderstorms which resulted in widespread significant to catastrophic flash flooding for portions of Southeast New York, specifically for the north shore of Long Island. Several rounds of rain moved through during the day on August 18th. By the afternoon, a line of thunderstorms moving in from the west interacted with several mesoscale boundaries and allowed the thunderstorms to intensify and train over Long Island during the overnight hours into early on August 19th. These thunderstorms produced rainfall rates of upwards of 3-5 inches per hour with total rainfall amounts of upwards of 10 inches, much of it falling over a 2-4 hour period. This resulted in numerous water rescues, several dam breaks, several road washouts, and significant damage to numerous buildings across the north shore of Long Island.",56
1213921,SUFFOLK CO.,CORAM,08/18/2024,2325,Flash Flood, , ,0,0,0,0,NY,EST-5, ,196197,C,103,OKX,0,0,Fire Department/Rescue,Heavy Rain, , ,1,W,0,S,CORAM,08/18/2024,2355,40.87,-73.01,40.8657,-73.0006,"Fire department being dispatched to a stranded motorist to perform a water rescue on Daryl Drive at Mooney Pond Road.","A frontal system over the area on August 18th and into the early morning hours of August 19th allowed for the development of multiple rounds of slow moving heavy thunderstorms which resulted in widespread significant to catastrophic flash flooding for portions of Southeast New York, specifically for the north shore of Long Island. Several rounds of rain moved through during the day on August 18th. By the afternoon, a line of thunderstorms moving in from the west interacted with several mesoscale boundaries and allowed the thunderstorms to intensify and train over Long Island during the overnight hours into early on August 19th. These thunderstorms produced rainfall rates of upwards of 3-5 inches per hour with total rainfall amounts of upwards of 10 inches, much of it falling over a 2-4 hour period. This resulted in numerous water rescues, several dam breaks, several road washouts, and significant damage to numerous buildings across the north shore of Long Island.",57
1213922,SUFFOLK CO.,SELDEN,08/18/2024,2333,Flash Flood, , ,0,0,0,0,NY,EST-5, ,196197,C,103,OKX,0,0,Fire Department/Rescue,Heavy Rain, , ,2,NW,2,NW,SELDEN,08/19/2024,3,40.87,-73.05,40.8696,-73.0523,"Fire department dispatched to close Boyle Road at Wyandotte Street due to flooding.","A frontal system over the area on August 18th and into the early morning hours of August 19th allowed for the development of multiple rounds of slow moving heavy thunderstorms which resulted in widespread significant to catastrophic flash flooding for portions of Southeast New York, specifically for the north shore of Long Island. Several rounds of rain moved through during the day on August 18th. By the afternoon, a line of thunderstorms moving in from the west interacted with several mesoscale boundaries and allowed the thunderstorms to intensify and train over Long Island during the overnight hours into early on August 19th. These thunderstorms produced rainfall rates of upwards of 3-5 inches per hour with total rainfall amounts of upwards of 10 inches, much of it falling over a 2-4 hour period. This resulted in numerous water rescues, several dam breaks, several road washouts, and significant damage to numerous buildings across the north shore of Long Island.",58
1213923,SUFFOLK CO.,EAST SETAUKET,08/18/2024,2335,Flash Flood, , ,0,0,0,0,NY,EST-5, ,196197,C,103,OKX,0,0,Fire Department/Rescue,Heavy Rain, , ,1,SSE,2,SW,TERRYVILLE,08/19/2024,5,40.91,-73.09,40.8981,-73.0842,"Fire department dispatched to stranded motorist to perform a water rescue on N Belle Meade Road.","A frontal system over the area on August 18th and into the early morning hours of August 19th allowed for the development of multiple rounds of slow moving heavy thunderstorms which resulted in widespread significant to catastrophic flash flooding for portions of Southeast New York, specifically for the north shore of Long Island. Several rounds of rain moved through during the day on August 18th. By the afternoon, a line of thunderstorms moving in from the west interacted with several mesoscale boundaries and allowed the thunderstorms to intensify and train over Long Island during the overnight hours into early on August 19th. These thunderstorms produced rainfall rates of upwards of 3-5 inches per hour with total rainfall amounts of upwards of 10 inches, much of it falling over a 2-4 hour period. This resulted in numerous water rescues, several dam breaks, several road washouts, and significant damage to numerous buildings across the north shore of Long Island.",59
1213924,SUFFOLK CO.,SELDEN,08/18/2024,2340,Flash Flood, , ,0,0,20000,0,NY,EST-5, ,196197,C,103,OKX,0,0,Fire Department/Rescue,Heavy Rain, , ,2,NNW,1,NNW,SELDEN,08/19/2024,10,40.88,-73.04,40.8642,-73.0399,"Basement flooding with 4 to 5 feet of water and rising on Evergreen Drive with the fire  department responding.","A frontal system over the area on August 18th and into the early morning hours of August 19th allowed for the development of multiple rounds of slow moving heavy thunderstorms which resulted in widespread significant to catastrophic flash flooding for portions of Southeast New York, specifically for the north shore of Long Island. Several rounds of rain moved through during the day on August 18th. By the afternoon, a line of thunderstorms moving in from the west interacted with several mesoscale boundaries and allowed the thunderstorms to intensify and train over Long Island during the overnight hours into early on August 19th. These thunderstorms produced rainfall rates of upwards of 3-5 inches per hour with total rainfall amounts of upwards of 10 inches, much of it falling over a 2-4 hour period. This resulted in numerous water rescues, several dam breaks, several road washouts, and significant damage to numerous buildings across the north shore of Long Island.",60
1213925,SUFFOLK CO.,ST JAMES,08/18/2024,2345,Flash Flood, , ,0,0,0,0,NY,EST-5, ,196197,C,103,OKX,0,0,Fire Department/Rescue,Heavy Rain, , ,1,WSW,1,W,ST JAMES,08/19/2024,15,40.87,-73.17,40.8787,-73.1653,"Three vehicles stranded in flood waters on NY 25A at Woodlawn Ave.","A frontal system over the area on August 18th and into the early morning hours of August 19th allowed for the development of multiple rounds of slow moving heavy thunderstorms which resulted in widespread significant to catastrophic flash flooding for portions of Southeast New York, specifically for the north shore of Long Island. Several rounds of rain moved through during the day on August 18th. By the afternoon, a line of thunderstorms moving in from the west interacted with several mesoscale boundaries and allowed the thunderstorms to intensify and train over Long Island during the overnight hours into early on August 19th. These thunderstorms produced rainfall rates of upwards of 3-5 inches per hour with total rainfall amounts of upwards of 10 inches, much of it falling over a 2-4 hour period. This resulted in numerous water rescues, several dam breaks, several road washouts, and significant damage to numerous buildings across the north shore of Long Island.",61
1213926,SUFFOLK CO.,TERRYVILLE,08/18/2024,2348,Flash Flood, , ,0,0,0,0,NY,EST-5, ,196197,C,103,OKX,0,0,Fire Department/Rescue,Heavy Rain, , ,3,ESE,2,SSE,MILLER PLACE,08/19/2024,18,40.9103,-72.9996,40.9193,-72.9842,"Water rescue on Amber Lane at Shenandoah Boulevard.","A frontal system over the area on August 18th and into the early morning hours of August 19th allowed for the development of multiple rounds of slow moving heavy thunderstorms which resulted in widespread significant to catastrophic flash flooding for portions of Southeast New York, specifically for the north shore of Long Island. Several rounds of rain moved through during the day on August 18th. By the afternoon, a line of thunderstorms moving in from the west interacted with several mesoscale boundaries and allowed the thunderstorms to intensify and train over Long Island during the overnight hours into early on August 19th. These thunderstorms produced rainfall rates of upwards of 3-5 inches per hour with total rainfall amounts of upwards of 10 inches, much of it falling over a 2-4 hour period. This resulted in numerous water rescues, several dam breaks, several road washouts, and significant damage to numerous buildings across the north shore of Long Island.",62
1213927,SUFFOLK CO.,SELDEN,08/19/2024,0,Flash Flood, , ,0,0,0,0,NY,EST-5, ,196197,C,103,OKX,0,0,State Official,Heavy Rain, , ,0,N,1,N,SELDEN,08/19/2024,30,40.85,-73.03,40.8652,-73.0323,"Report of basement flooding and car stuck in flooding with water in the vehicle on  Adirondack Drive.","A frontal system over the area on August 18th and into the early morning hours of August 19th allowed for the development of multiple rounds of slow moving heavy thunderstorms which resulted in widespread significant to catastrophic flash flooding for portions of Southeast New York, specifically for the north shore of Long Island. Several rounds of rain moved through during the day on August 18th. By the afternoon, a line of thunderstorms moving in from the west interacted with several mesoscale boundaries and allowed the thunderstorms to intensify and train over Long Island during the overnight hours into early on August 19th. These thunderstorms produced rainfall rates of upwards of 3-5 inches per hour with total rainfall amounts of upwards of 10 inches, much of it falling over a 2-4 hour period. This resulted in numerous water rescues, several dam breaks, several road washouts, and significant damage to numerous buildings across the north shore of Long Island.",63
1213928,SUFFOLK CO.,MILLER PLACE,08/19/2024,10,Flash Flood, , ,0,0,0,0,NY,EST-5, ,196197,C,103,OKX,0,0,Fire Department/Rescue,Heavy Rain, , ,2,SSE,2,NW,MIDDLE IS,08/19/2024,40,40.92,-72.99,40.9039,-72.9641,"Fire department responding to home with basement flooding with several feet of water.","A frontal system over the area on August 18th and into the early morning hours of August 19th allowed for the development of multiple rounds of slow moving heavy thunderstorms which resulted in widespread significant to catastrophic flash flooding for portions of Southeast New York, specifically for the north shore of Long Island. Several rounds of rain moved through during the day on August 18th. By the afternoon, a line of thunderstorms moving in from the west interacted with several mesoscale boundaries and allowed the thunderstorms to intensify and train over Long Island during the overnight hours into early on August 19th. These thunderstorms produced rainfall rates of upwards of 3-5 inches per hour with total rainfall amounts of upwards of 10 inches, much of it falling over a 2-4 hour period. This resulted in numerous water rescues, several dam breaks, several road washouts, and significant damage to numerous buildings across the north shore of Long Island.",64
1213929,SUFFOLK CO.,HAUPPAUGE,08/19/2024,15,Flash Flood, , ,0,0,0,0,NY,EST-5, ,196197,C,103,OKX,0,0,State Official,Heavy Rain, , ,1,N,1,N,HAUPPAUGE,08/19/2024,45,40.83,-73.2,40.8275,-73.1989,"Vehicle stranded in flood waters at NY 347 and NY 111.","A frontal system over the area on August 18th and into the early morning hours of August 19th allowed for the development of multiple rounds of slow moving heavy thunderstorms which resulted in widespread significant to catastrophic flash flooding for portions of Southeast New York, specifically for the north shore of Long Island. Several rounds of rain moved through during the day on August 18th. By the afternoon, a line of thunderstorms moving in from the west interacted with several mesoscale boundaries and allowed the thunderstorms to intensify and train over Long Island during the overnight hours into early on August 19th. These thunderstorms produced rainfall rates of upwards of 3-5 inches per hour with total rainfall amounts of upwards of 10 inches, much of it falling over a 2-4 hour period. This resulted in numerous water rescues, several dam breaks, several road washouts, and significant damage to numerous buildings across the north shore of Long Island.",65
1213930,SUFFOLK CO.,BELLE TERRE,08/19/2024,35,Flash Flood, , ,0,0,0,0,NY,EST-5, ,196197,C,103,OKX,0,0,Fire Department/Rescue,Heavy Rain, , ,1,E,1,SE,BELLE TERRE,08/19/2024,105,40.95,-73.06,40.9419,-73.0572,"Flowing flood waters on High Street that is beginning to enter homes.","A frontal system over the area on August 18th and into the early morning hours of August 19th allowed for the development of multiple rounds of slow moving heavy thunderstorms which resulted in widespread significant to catastrophic flash flooding for portions of Southeast New York, specifically for the north shore of Long Island. Several rounds of rain moved through during the day on August 18th. By the afternoon, a line of thunderstorms moving in from the west interacted with several mesoscale boundaries and allowed the thunderstorms to intensify and train over Long Island during the overnight hours into early on August 19th. These thunderstorms produced rainfall rates of upwards of 3-5 inches per hour with total rainfall amounts of upwards of 10 inches, much of it falling over a 2-4 hour period. This resulted in numerous water rescues, several dam breaks, several road washouts, and significant damage to numerous buildings across the north shore of Long Island.",66
1213931,SUFFOLK CO.,BELLE TERRE,08/19/2024,40,Flash Flood, , ,0,0,0,0,NY,EST-5, ,196197,C,103,OKX,0,0,Fire Department/Rescue,Heavy Rain, , ,0,E,1,ESE,BELLE TERRE,08/19/2024,110,40.9497,-73.0643,40.9476,-73.0564,"Small landslide reported at the Bell Harbour Mews apartments with flood waters continue  to rise.","A frontal system over the area on August 18th and into the early morning hours of August 19th allowed for the development of multiple rounds of slow moving heavy thunderstorms which resulted in widespread significant to catastrophic flash flooding for portions of Southeast New York, specifically for the north shore of Long Island. Several rounds of rain moved through during the day on August 18th. By the afternoon, a line of thunderstorms moving in from the west interacted with several mesoscale boundaries and allowed the thunderstorms to intensify and train over Long Island during the overnight hours into early on August 19th. These thunderstorms produced rainfall rates of upwards of 3-5 inches per hour with total rainfall amounts of upwards of 10 inches, much of it falling over a 2-4 hour period. This resulted in numerous water rescues, several dam breaks, several road washouts, and significant damage to numerous buildings across the north shore of Long Island.",67
1213932,SUFFOLK CO.,PORT JEFFERSON,08/19/2024,48,Flash Flood, , ,0,0,0,0,NY,EST-5, ,196197,C,103,OKX,0,0,Fire Department/Rescue,Heavy Rain, , ,1,N,0,N,PORT JEFFERSON,08/19/2024,118,40.94,-73.05,40.936,-73.0485,"Fire department closing Edgewood Ave due to rising flood waters. Road is impassable.","A frontal system over the area on August 18th and into the early morning hours of August 19th allowed for the development of multiple rounds of slow moving heavy thunderstorms which resulted in widespread significant to catastrophic flash flooding for portions of Southeast New York, specifically for the north shore of Long Island. Several rounds of rain moved through during the day on August 18th. By the afternoon, a line of thunderstorms moving in from the west interacted with several mesoscale boundaries and allowed the thunderstorms to intensify and train over Long Island during the overnight hours into early on August 19th. These thunderstorms produced rainfall rates of upwards of 3-5 inches per hour with total rainfall amounts of upwards of 10 inches, much of it falling over a 2-4 hour period. This resulted in numerous water rescues, several dam breaks, several road washouts, and significant damage to numerous buildings across the north shore of Long Island.",68
1213933,SUFFOLK CO.,CENTEREACH,08/19/2024,50,Flash Flood, , ,0,0,10000,0,NY,EST-5, ,196197,C,103,OKX,0,0,Fire Department/Rescue,Heavy Rain, , ,1,N,1,NNE,CENTEREACH,08/19/2024,120,40.87,-73.1,40.8603,-73.0931,"Basement flooding with fire department responding to the home.","A frontal system over the area on August 18th and into the early morning hours of August 19th allowed for the development of multiple rounds of slow moving heavy thunderstorms which resulted in widespread significant to catastrophic flash flooding for portions of Southeast New York, specifically for the north shore of Long Island. Several rounds of rain moved through during the day on August 18th. By the afternoon, a line of thunderstorms moving in from the west interacted with several mesoscale boundaries and allowed the thunderstorms to intensify and train over Long Island during the overnight hours into early on August 19th. These thunderstorms produced rainfall rates of upwards of 3-5 inches per hour with total rainfall amounts of upwards of 10 inches, much of it falling over a 2-4 hour period. This resulted in numerous water rescues, several dam breaks, several road washouts, and significant damage to numerous buildings across the north shore of Long Island.",69
1213934,SUFFOLK CO.,LAKE GROVE,08/19/2024,55,Flash Flood, , ,0,0,0,0,NY,EST-5, ,196197,C,103,OKX,0,0,Public,Heavy Rain, , ,1,NNW,1,SSW,ST JAMES,08/19/2024,125,40.8644,-73.1399,40.8633,-73.1599,"Water up to hood of car stuck in flood waters on Middle Country Road at Hobson Ave.  Occupants are out of the vehicle.","A frontal system over the area on August 18th and into the early morning hours of August 19th allowed for the development of multiple rounds of slow moving heavy thunderstorms which resulted in widespread significant to catastrophic flash flooding for portions of Southeast New York, specifically for the north shore of Long Island. Several rounds of rain moved through during the day on August 18th. By the afternoon, a line of thunderstorms moving in from the west interacted with several mesoscale boundaries and allowed the thunderstorms to intensify and train over Long Island during the overnight hours into early on August 19th. These thunderstorms produced rainfall rates of upwards of 3-5 inches per hour with total rainfall amounts of upwards of 10 inches, much of it falling over a 2-4 hour period. This resulted in numerous water rescues, several dam breaks, several road washouts, and significant damage to numerous buildings across the north shore of Long Island.",70
1213935,SUFFOLK CO.,SOUTH SETAUKET,08/19/2024,100,Flash Flood, , ,0,0,0,0,NY,EST-5, ,196197,C,103,OKX,0,0,Fire Department/Rescue,Heavy Rain, , ,1,SW,1,NNW,EAST SETAUKET,08/19/2024,130,40.94,-73.11,40.9377,-73.1063,"Water rescue on North Country Road at Ridgeway Ave.","A frontal system over the area on August 18th and into the early morning hours of August 19th allowed for the development of multiple rounds of slow moving heavy thunderstorms which resulted in widespread significant to catastrophic flash flooding for portions of Southeast New York, specifically for the north shore of Long Island. Several rounds of rain moved through during the day on August 18th. By the afternoon, a line of thunderstorms moving in from the west interacted with several mesoscale boundaries and allowed the thunderstorms to intensify and train over Long Island during the overnight hours into early on August 19th. These thunderstorms produced rainfall rates of upwards of 3-5 inches per hour with total rainfall amounts of upwards of 10 inches, much of it falling over a 2-4 hour period. This resulted in numerous water rescues, several dam breaks, several road washouts, and significant damage to numerous buildings across the north shore of Long Island.",71
1213937,SUFFOLK CO.,ST JAMES,08/19/2024,122,Flash Flood, , ,0,0,0,0,NY,EST-5, ,196197,C,103,OKX,0,0,Public,Heavy Rain, , ,0,N,0,SSW,ST JAMES,08/19/2024,152,40.88,-73.15,40.8748,-73.1532,"Several feet of flood waters covering 2nd Sve at 7th Street with the roads impassable.","A frontal system over the area on August 18th and into the early morning hours of August 19th allowed for the development of multiple rounds of slow moving heavy thunderstorms which resulted in widespread significant to catastrophic flash flooding for portions of Southeast New York, specifically for the north shore of Long Island. Several rounds of rain moved through during the day on August 18th. By the afternoon, a line of thunderstorms moving in from the west interacted with several mesoscale boundaries and allowed the thunderstorms to intensify and train over Long Island during the overnight hours into early on August 19th. These thunderstorms produced rainfall rates of upwards of 3-5 inches per hour with total rainfall amounts of upwards of 10 inches, much of it falling over a 2-4 hour period. This resulted in numerous water rescues, several dam breaks, several road washouts, and significant damage to numerous buildings across the north shore of Long Island.",72
1213936,SUFFOLK CO.,EAST HALF HOLLOW HIL,08/19/2024,122,Flash Flood, , ,0,0,0,0,NY,EST-5, ,196197,C,103,OKX,0,0,Fire Department/Rescue,Heavy Rain, , ,1,WNW,1,NW,EAST HALF HOLLOW HIL,08/19/2024,152,40.7856,-73.3452,40.7897,-73.3297,"Vehicle stranded in flood waters at Deer Park Ave just south of I-495.","A frontal system over the area on August 18th and into the early morning hours of August 19th allowed for the development of multiple rounds of slow moving heavy thunderstorms which resulted in widespread significant to catastrophic flash flooding for portions of Southeast New York, specifically for the north shore of Long Island. Several rounds of rain moved through during the day on August 18th. By the afternoon, a line of thunderstorms moving in from the west interacted with several mesoscale boundaries and allowed the thunderstorms to intensify and train over Long Island during the overnight hours into early on August 19th. These thunderstorms produced rainfall rates of upwards of 3-5 inches per hour with total rainfall amounts of upwards of 10 inches, much of it falling over a 2-4 hour period. This resulted in numerous water rescues, several dam breaks, several road washouts, and significant damage to numerous buildings across the north shore of Long Island.",73
1213938,SUFFOLK CO.,HALF HOLLOW HILLS,08/19/2024,126,Flash Flood, , ,0,0,0,0,NY,EST-5, ,196197,C,103,OKX,0,0,Fire Department/Rescue,Heavy Rain, , ,1,ESE,2,ENE,HALF HOLLOW HILLS,08/19/2024,156,40.7944,-73.3487,40.8088,-73.3365,"Water rescue due to flooding on Tiana Place at Memas Court.","A frontal system over the area on August 18th and into the early morning hours of August 19th allowed for the development of multiple rounds of slow moving heavy thunderstorms which resulted in widespread significant to catastrophic flash flooding for portions of Southeast New York, specifically for the north shore of Long Island. Several rounds of rain moved through during the day on August 18th. By the afternoon, a line of thunderstorms moving in from the west interacted with several mesoscale boundaries and allowed the thunderstorms to intensify and train over Long Island during the overnight hours into early on August 19th. These thunderstorms produced rainfall rates of upwards of 3-5 inches per hour with total rainfall amounts of upwards of 10 inches, much of it falling over a 2-4 hour period. This resulted in numerous water rescues, several dam breaks, several road washouts, and significant damage to numerous buildings across the north shore of Long Island.",74
1213939,SUFFOLK CO.,BELLE TERRE,08/19/2024,130,Flash Flood, , ,0,0,0,0,NY,EST-5, ,196197,C,103,OKX,0,0,Fire Department/Rescue,Heavy Rain, , ,0,N,0,ENE,BELLE TERRE,08/19/2024,200,40.95,-73.07,40.9526,-73.0631,"Port Jefferson firehouse was flooded and had to be evacuated. There was also significant  damage to their communication equipment. Numerous water rescues were performed in  Port Jefferson with all water rescue assets utilized.","A frontal system over the area on August 18th and into the early morning hours of August 19th allowed for the development of multiple rounds of slow moving heavy thunderstorms which resulted in widespread significant to catastrophic flash flooding for portions of Southeast New York, specifically for the north shore of Long Island. Several rounds of rain moved through during the day on August 18th. By the afternoon, a line of thunderstorms moving in from the west interacted with several mesoscale boundaries and allowed the thunderstorms to intensify and train over Long Island during the overnight hours into early on August 19th. These thunderstorms produced rainfall rates of upwards of 3-5 inches per hour with total rainfall amounts of upwards of 10 inches, much of it falling over a 2-4 hour period. This resulted in numerous water rescues, several dam breaks, several road washouts, and significant damage to numerous buildings across the north shore of Long Island.",75
1213940,SUFFOLK CO.,SMITHTOWN,08/19/2024,130,Flash Flood, , ,0,0,25000,0,NY,EST-5, ,196197,C,103,OKX,0,0,Fire Department/Rescue,Dam / Levee Break, , ,2,WSW,2,SE,KINGS PARK,08/19/2024,200,40.8411,-73.2336,40.8634,-73.2306,"The Nissequogue River dam broke due to the flash flooding causing the entire Blydenburgh Pond to empty into the river. The river overflowed its banks, sending water into homes and nearby streets. Two residents were trapped in their homes and had to be rescued.","A frontal system over the area on August 18th and into the early morning hours of August 19th allowed for the development of multiple rounds of slow moving heavy thunderstorms which resulted in widespread significant to catastrophic flash flooding for portions of Southeast New York, specifically for the north shore of Long Island. Several rounds of rain moved through during the day on August 18th. By the afternoon, a line of thunderstorms moving in from the west interacted with several mesoscale boundaries and allowed the thunderstorms to intensify and train over Long Island during the overnight hours into early on August 19th. These thunderstorms produced rainfall rates of upwards of 3-5 inches per hour with total rainfall amounts of upwards of 10 inches, much of it falling over a 2-4 hour period. This resulted in numerous water rescues, several dam breaks, several road washouts, and significant damage to numerous buildings across the north shore of Long Island.",76
1213941,SUFFOLK CO.,HALF HOLLOW HILLS,08/19/2024,130,Flash Flood, , ,0,0,0,0,NY,EST-5, ,196197,C,103,OKX,0,0,Law Enforcement,Heavy Rain, , ,2,ENE,1,ESE,HALF HOLLOW HILLS,08/19/2024,200,40.8073,-73.3358,40.7938,-73.3477,"Long Island Expressway is closed between Exit 52 and 51 westbound due to flooding. NY State called to assist with pumping water.","A frontal system over the area on August 18th and into the early morning hours of August 19th allowed for the development of multiple rounds of slow moving heavy thunderstorms which resulted in widespread significant to catastrophic flash flooding for portions of Southeast New York, specifically for the north shore of Long Island. Several rounds of rain moved through during the day on August 18th. By the afternoon, a line of thunderstorms moving in from the west interacted with several mesoscale boundaries and allowed the thunderstorms to intensify and train over Long Island during the overnight hours into early on August 19th. These thunderstorms produced rainfall rates of upwards of 3-5 inches per hour with total rainfall amounts of upwards of 10 inches, much of it falling over a 2-4 hour period. This resulted in numerous water rescues, several dam breaks, several road washouts, and significant damage to numerous buildings across the north shore of Long Island.",77
1213942,SUFFOLK CO.,MILLER PLACE,08/19/2024,132,Flash Flood, , ,0,0,0,0,NY,EST-5, ,196197,C,103,OKX,0,0,Fire Department/Rescue,Heavy Rain, , ,1,SE,3,S,SOUND BEACH,08/19/2024,202,40.9369,-72.9782,40.9131,-72.9563,"Water rescue on Miller Place-Yaphank Road due to flooding.","A frontal system over the area on August 18th and into the early morning hours of August 19th allowed for the development of multiple rounds of slow moving heavy thunderstorms which resulted in widespread significant to catastrophic flash flooding for portions of Southeast New York, specifically for the north shore of Long Island. Several rounds of rain moved through during the day on August 18th. By the afternoon, a line of thunderstorms moving in from the west interacted with several mesoscale boundaries and allowed the thunderstorms to intensify and train over Long Island during the overnight hours into early on August 19th. These thunderstorms produced rainfall rates of upwards of 3-5 inches per hour with total rainfall amounts of upwards of 10 inches, much of it falling over a 2-4 hour period. This resulted in numerous water rescues, several dam breaks, several road washouts, and significant damage to numerous buildings across the north shore of Long Island.",78
1213943,SUFFOLK CO.,MONTAUK,08/19/2024,140,Flash Flood, , ,0,0,0,0,NY,EST-5, ,196197,C,103,OKX,0,0,Law Enforcement,Heavy Rain, , ,1,NNE,1,SW,MONTAUK STN,08/19/2024,210,41.0411,-71.9652,41.0424,-71.959,"Road closed at N Shore Road and 2nd House Road in Montauk due to flooding.","A frontal system over the area on August 18th and into the early morning hours of August 19th allowed for the development of multiple rounds of slow moving heavy thunderstorms which resulted in widespread significant to catastrophic flash flooding for portions of Southeast New York, specifically for the north shore of Long Island. Several rounds of rain moved through during the day on August 18th. By the afternoon, a line of thunderstorms moving in from the west interacted with several mesoscale boundaries and allowed the thunderstorms to intensify and train over Long Island during the overnight hours into early on August 19th. These thunderstorms produced rainfall rates of upwards of 3-5 inches per hour with total rainfall amounts of upwards of 10 inches, much of it falling over a 2-4 hour period. This resulted in numerous water rescues, several dam breaks, several road washouts, and significant damage to numerous buildings across the north shore of Long Island.",79
1213945,SUFFOLK CO.,HEAD OF THE HARBOUR,08/19/2024,150,Flash Flood, , ,0,0,0,0,NY,EST-5, ,196197,C,103,OKX,0,0,Fire Department/Rescue,Heavy Rain, , ,1,E,1,NNE,ST JAMES,08/19/2024,220,40.9,-73.15,40.8992,-73.1418,"Water rescue due to flooding on NY 25A at Mill Pond Road.","A frontal system over the area on August 18th and into the early morning hours of August 19th allowed for the development of multiple rounds of slow moving heavy thunderstorms which resulted in widespread significant to catastrophic flash flooding for portions of Southeast New York, specifically for the north shore of Long Island. Several rounds of rain moved through during the day on August 18th. By the afternoon, a line of thunderstorms moving in from the west interacted with several mesoscale boundaries and allowed the thunderstorms to intensify and train over Long Island during the overnight hours into early on August 19th. These thunderstorms produced rainfall rates of upwards of 3-5 inches per hour with total rainfall amounts of upwards of 10 inches, much of it falling over a 2-4 hour period. This resulted in numerous water rescues, several dam breaks, several road washouts, and significant damage to numerous buildings across the north shore of Long Island.",80
1213946,SUFFOLK CO.,LAKE GROVE,08/19/2024,157,Flash Flood, , ,0,0,0,0,NY,EST-5, ,196197,C,103,OKX,0,0,Fire Department/Rescue,Heavy Rain, , ,1,NW,1,SE,ST JAMES,08/19/2024,227,40.86,-73.14,40.8676,-73.1349,"Car stuck in flood waters with occupant on roof of car on Middle Country Road at White  Ave. Fire department responding.","A frontal system over the area on August 18th and into the early morning hours of August 19th allowed for the development of multiple rounds of slow moving heavy thunderstorms which resulted in widespread significant to catastrophic flash flooding for portions of Southeast New York, specifically for the north shore of Long Island. Several rounds of rain moved through during the day on August 18th. By the afternoon, a line of thunderstorms moving in from the west interacted with several mesoscale boundaries and allowed the thunderstorms to intensify and train over Long Island during the overnight hours into early on August 19th. These thunderstorms produced rainfall rates of upwards of 3-5 inches per hour with total rainfall amounts of upwards of 10 inches, much of it falling over a 2-4 hour period. This resulted in numerous water rescues, several dam breaks, several road washouts, and significant damage to numerous buildings across the north shore of Long Island.",81
1213944,SUFFOLK CO.,VILLAGE OF THE BRANC,08/19/2024,230,Flash Flood, , ,0,0,100000,0,NY,EST-5, ,196197,C,103,OKX,0,0,Fire Department/Rescue,Heavy Rain, , ,1,W,1,S,CORAM AIRPARK ARPY,08/19/2024,300,40.85,-73.19,40.861,-72.9821,"Multiple homes with basement flooding across NW Suffolk County within the cities of  Commack, Smithtown, St James, Centereach, Setauket, Selden, Coram, Port Jefferson, and Rocky Point.","A frontal system over the area on August 18th and into the early morning hours of August 19th allowed for the development of multiple rounds of slow moving heavy thunderstorms which resulted in widespread significant to catastrophic flash flooding for portions of Southeast New York, specifically for the north shore of Long Island. Several rounds of rain moved through during the day on August 18th. By the afternoon, a line of thunderstorms moving in from the west interacted with several mesoscale boundaries and allowed the thunderstorms to intensify and train over Long Island during the overnight hours into early on August 19th. These thunderstorms produced rainfall rates of upwards of 3-5 inches per hour with total rainfall amounts of upwards of 10 inches, much of it falling over a 2-4 hour period. This resulted in numerous water rescues, several dam breaks, several road washouts, and significant damage to numerous buildings across the north shore of Long Island.",82
1213947,SUFFOLK CO.,CANOE PLACE,08/19/2024,251,Flash Flood, , ,0,0,0,0,NY,EST-5, ,196197,C,103,OKX,0,0,Trained Spotter,Heavy Rain, , ,1,WNW,1,S,CANOE PLACE,08/19/2024,321,40.89,-72.52,40.8674,-72.4975,"Spotter reports fire department responding to a flooded home on Bittersweet Avenue in Hampton Bays.","A frontal system over the area on August 18th and into the early morning hours of August 19th allowed for the development of multiple rounds of slow moving heavy thunderstorms which resulted in widespread significant to catastrophic flash flooding for portions of Southeast New York, specifically for the north shore of Long Island. Several rounds of rain moved through during the day on August 18th. By the afternoon, a line of thunderstorms moving in from the west interacted with several mesoscale boundaries and allowed the thunderstorms to intensify and train over Long Island during the overnight hours into early on August 19th. These thunderstorms produced rainfall rates of upwards of 3-5 inches per hour with total rainfall amounts of upwards of 10 inches, much of it falling over a 2-4 hour period. This resulted in numerous water rescues, several dam breaks, several road washouts, and significant damage to numerous buildings across the north shore of Long Island.",83
1213948,SUFFOLK CO.,BARNES HOLE,08/19/2024,300,Flash Flood, , ,0,0,0,0,NY,EST-5, ,196197,C,103,OKX,0,0,Law Enforcement,Heavy Rain, , ,1,ESE,2,ENE,AMAGANSETT,08/19/2024,330,40.99,-72.11,40.9793,-72.0996,"Road closed at Abrahams Landing Road and Cross Highway due to flooding.","A frontal system over the area on August 18th and into the early morning hours of August 19th allowed for the development of multiple rounds of slow moving heavy thunderstorms which resulted in widespread significant to catastrophic flash flooding for portions of Southeast New York, specifically for the north shore of Long Island. Several rounds of rain moved through during the day on August 18th. By the afternoon, a line of thunderstorms moving in from the west interacted with several mesoscale boundaries and allowed the thunderstorms to intensify and train over Long Island during the overnight hours into early on August 19th. These thunderstorms produced rainfall rates of upwards of 3-5 inches per hour with total rainfall amounts of upwards of 10 inches, much of it falling over a 2-4 hour period. This resulted in numerous water rescues, several dam breaks, several road washouts, and significant damage to numerous buildings across the north shore of Long Island.",84
1213950,NORTHEAST SUFFOLK (ZONE), ,08/19/2024,300,Astronomical Low Tide, , ,0,0,10000000,0,NY,EST-5, ,196197,Z,79,OKX,0,0,Emergency Manager, , , , , , , , ,08/19/2024,330, , , , ,"Upwards of 10 feet of water inundated a building of the Smithtown Public Library damaging historical documents and compromising walls.","A frontal system over the area on August 18th and into the early morning hours of August 19th allowed for the development of multiple rounds of slow moving heavy thunderstorms which resulted in widespread significant to catastrophic flash flooding for portions of Southeast New York, specifically for the north shore of Long Island. Several rounds of rain moved through during the day on August 18th. By the afternoon, a line of thunderstorms moving in from the west interacted with several mesoscale boundaries and allowed the thunderstorms to intensify and train over Long Island during the overnight hours into early on August 19th. These thunderstorms produced rainfall rates of upwards of 3-5 inches per hour with total rainfall amounts of upwards of 10 inches, much of it falling over a 2-4 hour period. This resulted in numerous water rescues, several dam breaks, several road washouts, and significant damage to numerous buildings across the north shore of Long Island.",85
1213949,SUFFOLK CO.,STONY BROOK,08/19/2024,300,Flash Flood, , ,0,0,500000,0,NY,EST-5, ,196197,C,103,OKX,0,0,Fire Department/Rescue,Dam / Levee Break, , ,1,WSW,1,SW,STONY BROOK,08/19/2024,330,40.91,-73.15,40.9136,-73.1423,"Harbor Road collapsed due Mill Pond overflowing. Local fire department began precautionary evacuations of nearby homes.","A frontal system over the area on August 18th and into the early morning hours of August 19th allowed for the development of multiple rounds of slow moving heavy thunderstorms which resulted in widespread significant to catastrophic flash flooding for portions of Southeast New York, specifically for the north shore of Long Island. Several rounds of rain moved through during the day on August 18th. By the afternoon, a line of thunderstorms moving in from the west interacted with several mesoscale boundaries and allowed the thunderstorms to intensify and train over Long Island during the overnight hours into early on August 19th. These thunderstorms produced rainfall rates of upwards of 3-5 inches per hour with total rainfall amounts of upwards of 10 inches, much of it falling over a 2-4 hour period. This resulted in numerous water rescues, several dam breaks, several road washouts, and significant damage to numerous buildings across the north shore of Long Island.",86
1213951,SUFFOLK CO.,ST JAMES,08/19/2024,1515,Flash Flood, , ,0,0,0,0,NY,EST-5, ,196197,C,103,OKX,0,0,Public,Heavy Rain, , ,1,SE,1,NNW,LAKE GROVE,08/19/2024,1545,40.87,-73.14,40.8634,-73.1381,"Both lanes of Hillside Road flooded in St James.","A frontal system over the area on August 18th and into the early morning hours of August 19th allowed for the development of multiple rounds of slow moving heavy thunderstorms which resulted in widespread significant to catastrophic flash flooding for portions of Southeast New York, specifically for the north shore of Long Island. Several rounds of rain moved through during the day on August 18th. By the afternoon, a line of thunderstorms moving in from the west interacted with several mesoscale boundaries and allowed the thunderstorms to intensify and train over Long Island during the overnight hours into early on August 19th. These thunderstorms produced rainfall rates of upwards of 3-5 inches per hour with total rainfall amounts of upwards of 10 inches, much of it falling over a 2-4 hour period. This resulted in numerous water rescues, several dam breaks, several road washouts, and significant damage to numerous buildings across the north shore of Long Island.",87
1197338,SUFFOLK CO.,YAPHANK,08/26/2024,1638,Hail,0.88, ,0,0,0,0,NY,EST-5, ,193796,C,103,OKX,0,0,NWS Employee, , , ,1,N,1,N,YAPHANK,08/26/2024,1638,40.85,-72.9,40.85,-72.9,"NWS Employee measured nickel sized hail in Yaphank.","An upper level shortwave trough approached from the north, with the region in the front left quadrant of an upper level jet streak. With warm, humid air at the surface, SBCAPE values were able to climb to around 2000 J/kg. Storms fired up and some were able to become strong to severe and produce large hail.",88
1197326,SUFFOLK CO.,EAST MORICHES ERO FL,08/26/2024,1648,Hail,1.00, ,0,0,0,0,NY,EST-5, ,193796,C,103,OKX,0,0,Public, , , ,1,NW,1,NW,EAST MORICHES ERO FL,08/26/2024,1648,40.84,-72.78,40.84,-72.78,"Picture of 1.00 inch hail off Clancy Road in Manorville.","An upper level shortwave trough approached from the north, with the region in the front left quadrant of an upper level jet streak. With warm, humid air at the surface, SBCAPE values were able to climb to around 2000 J/kg. Storms fired up and some were able to become strong to severe and produce large hail.",89
1222542,SOUTHEAST SUFFOLK (ZONE), ,12/11/2024,1300,High Wind,50.00, ,0,0,0,0,NY,EST-5,EG,197678,Z,81,OKX,0,0,Department of Highways, , , , , , , , ,12/11/2024,1400, , , , ,"The NY Department of Highways reported a downed tree on NY 27 eastbound in the area of Spring Close Highway in East Hampton at 127 PM Local Standard Time.","The pressure gradient tightened as a cold front approached from the west. This produced high winds over Southeastern New York early in the afternoon of December 11, 2022.",90
1222543,SOUTHWEST SUFFOLK (ZONE), ,12/11/2024,1330,High Wind,50.00, ,0,0,0,0,NY,EST-5,EG,197678,Z,80,OKX,0,0,Department of Highways, , , , , , , , ,12/11/2024,1430, , , , ,"NY Department of Highways reported a downed tree on Northern State Parkway eastbound at exit 42S, in Dix Hills, NY at 152 PM EST. All lanes were open, but the exit ramp was blocked.","The pressure gradient tightened as a cold front approached from the west. This produced high winds over Southeastern New York early in the afternoon of December 11, 2022.",91
1222545,NORTHWEST SUFFOLK (ZONE), ,12/11/2024,1730,High Wind,52.00, ,0,0,0,0,NY,EST-5,MG,197678,Z,78,OKX,0,0,Mesonet, , , , , , , , ,12/11/2024,1830, , , , ,"A measured high wind gust of 60 mph was recorded at a mesonet station located in Stony Brook, NY (measurement taken at 159 feet above ground) at 614 PM Local Standard Time.","The pressure gradient tightened as a cold front approached from the west. This produced high winds over Southeastern New York early in the afternoon of December 11, 2022.",92
1222544,NORTHWEST SUFFOLK (ZONE), ,12/11/2024,2200,High Wind,50.00, ,0,0,0,0,NY,EST-5,EG,197678,Z,78,OKX,0,0,Public, , , , , , , , ,12/11/2024,2300, , , , ,"The public reported a large tree down on an SUV on Beverly Road in Lake Grove, NY at 1030 PM Local Standard Time.","The pressure gradient tightened as a cold front approached from the west. This produced high winds over Southeastern New York early in the afternoon of December 11, 2022.",93
1222643,SUFFOLK CO.,NORTHPORT,12/31/2024,2320,Thunderstorm Wind,53.00, ,0,0,0,0,NY,EST-5,MG,197701,C,103,OKX,0,0,Mesonet, , , ,2,N,2,N,NORTHPORT,12/31/2024,2320,40.9284,-73.3298,40.9284,-73.3298,"Mesonet site in Asharoken measured a 53 knot wind gust.","A negatively tilted upper level trough approached aloft while an associated surface low's triple point passed just north of the area. Severe thunderstorms formed along the cold front and produced damaging wind gusts the night of New Year's Eve into the early morning of New Year's Day.",94
